1625056476757492,0319cef7-444b-4874-94b9-5ff6ea444a3e
1625057111229947,452c906a-7787-4dde-ad7e-cacd4018f827
1625057093041666,b07b0744-4b5c-4650-b0ea-5687874a8ec3
1625057088968501,bf2636da-7ad3-4d1e-b39a-6caa88e642ef
1625057081984679,137f9c9e-692f-4b30-bfbc-f6d2e038417f
1625057026912546,dd0608b1-f812-41a7-9dee-8dec5e0fc70f
1625057023470464,8b1b2338-62f6-4437-b219-bd7b36c97d0b
1625057014954260,0d7225ab-a215-462a-94fc-0471c1043d41
1625056998211697,60867a35-918f-42cc-a6d5-4e33b52fb336
1625056982096039,091ad36e-de74-4971-a9f9-6b1af2998e92
1625056975285318,c9b7de8e-7d99-495f-b2f7-5cbf31edc962
1625056973337343,94b66209-b3fc-41b7-b7a5-f4079a20955f
1625056914961540,6491c7d2-e957-4a03-a8da-335a6511dddc
1625056910511463,fa363932-385f-4cb6-b627-8060c73e9502
1625056909555943,e1c17ce2-fe5d-4dc3-bda3-6cfe32335a0a
1625056888046252,4058c31a-1aa0-4715-93e1-34d40f04c7a8
1625056879556350,f04a55b6-4d71-4bae-acab-9736bad9c3b3
1625056872870287,90199f1d-804a-4bbf-a0f3-f66c614476d0
1625056870346264,2c8450e4-62cf-4ec1-98a6-d24853aebfc7
1625056865538404,2bdbf60e-1300-4dac-b08b-677a5528e8c6
1625056807778993,2b32652d-d407-4662-b219-6147a46d9d5b
1625056801272696,a86100d6-29ba-4ea5-92ab-22005bb789ba
1625056787264998,06d94c8c-5ba5-45a1-98cb-591ab312d14c
1625056783967792,2c333b79-1e51-4f80-a2de-e6f9541daa80
1625056774001346,9cc56767-42dd-4832-bb85-b534986ccd0c
1625056764961558,d2da4fde-f76b-437c-82d0-31a87dfa3329
1625056761072680,2feaabee-4505-4802-a1b3-2751b7a21085
1625056760082094,8f98bc91-267e-45f9-941c-82eba83cf05d
1625056755146243,3e03e345-bc54-4edf-bb4a-420458eee7f8
1625056747902166,2414e412-bec1-4825-9d4a-0c815caa1a3b
1625056747358609,b996cd55-58ce-4425-94cc-f90f97e82f82
1625056738798987,95639ca0-466d-443d-8e11-17f97911c0d9
1625056735682051,bb9e44ed-a5fe-48a2-bacd-414e3d479588
1625056721678907,933c2d1a-22f0-416f-b6d7-cd87f6dee97c
1625056717427863,3e481ff0-ca58-49f4-8db7-d40b1f2687b6
1625056716529784,595303e2-11a7-45ed-87d5-225bfee0dc09
1625056708156729,412d0612-9e67-4477-913e-8d21386c108e
1625056707500893,8c43e093-5462-404a-91c6-2423892e0532
1625056699902578,2f999e64-9e62-439e-a2e7-52d6c2805d99
1625056694755708,3946508c-0de8-452b-bc9f-6c35243f04c3
1625056685113230,145fa950-add9-4877-a3ea-a86710ce77a7
1625056680384844,4b63edc4-389f-4860-a79b-73e9511ed330
1625056664300535,044dc8f3-4337-4ec6-a31d-2b5956eb4283
1625056647357537,a22ae2ce-8b01-433a-bfbb-b3612b36f2ec
1625056640878836,3a267dde-1f00-4d83-a57f-66034d91edd4
1625056624988890,ad4b2b58-226f-4165-9ca3-6cbc7b6964ee
1625056619523470,41538a64-3802-4c02-8706-a1f53291115e
1625056618723204,0a244003-b308-4636-89bf-7c2b0b0326ee
1625056611647566,d5955421-7193-464d-aaae-57f514c31373
1625056608262643,ad5930d3-9bf6-44d9-b370-d8c92c4bcc74
1625056606158397,0ed9a461-7032-4b60-8ae6-3c5c786da6d1
1625056605056055,62e9b2aa-975f-4fbd-92c2-925b045e4da7
1625056587997722,2d501a9d-9fc8-4a9c-9f41-0732934b5672
1625056586388279,f5fdb022-43a9-408d-a7c7-c6742f33513c
1625056583229849,5cbcfee9-3ba3-43a2-b83d-322a5c08a657
1625056547323514,48482071-7790-4158-98ef-bdd107fd0742
1625056518801720,db451e0e-f355-4fc0-a618-e693a5129f4e
1625056500879700,e9d75385-8aed-4fc2-bad4-88b0aa5ea1ad
1625056499983711,abf4c9a5-5d8e-4fd4-9e58-f65a9bc9a2b1
1625056485739317,7c324f45-9de0-4b49-b649-b5e0331c99c3
1625056482747503,965e7cd1-b10c-44b9-8bbf-9aa439f22b1e
1625056479057502,268b3f49-49b3-44f9-98dc-20492e61f5c5
1625056470390159,935aac63-d33d-4d2a-a496-50245db8b39f
1625056467215641,70ad46ed-ab18-4554-802c-ecd8f0947172
1625056466936403,17a549ef-85b2-431f-bc39-756155b1d0ff
1625056463505094,a3f8288f-8432-4193-aea7-a7b22683b364
1625056462103453,928589cb-5314-41e9-9db4-5a4db455d581
1625056454754677,b4f78882-43d4-450b-9b7e-92e77e4d83fc
1625056453121977,b26ea4d9-68c9-40b8-aa73-1293b9c92889
1625056451845627,7c1b863c-a749-489a-90c7-4f184b29b158
1625056449038806,4b2a1bbc-7cbf-48e6-9c35-4ed0e775db11
1625056434870759,a0e845c9-7630-459c-9a45-c9adac5ce40a
1625056434461757,6e2e16ef-5269-4203-aaee-26ba961b0408
1625056434076324,9c47c162-c087-4d51-9c3f-abaa7fa0d7fb
1625056430688072,763fff97-8bb7-4463-a86e-c98961f0a4f8
1625056415167803,1bd1b9de-6d5c-40e1-a44f-0354e5322ab6
1625056410817527,f96371ea-92b1-402e-92ad-6a48ff386394
1625056410415173,ba8de6c9-5088-48c1-9b09-141ae7dd4569
1625056406493127,5adec4f7-54ec-4eb7-8e1d-6e405c24035c
1625056392563487,c8db02d6-c1b1-4e63-8355-bc61e52b0944
1625056383128571,d9546d51-83e5-4d56-8250-faa2173a0a1a
1625056382171481,88a0e82c-e1e7-4a17-a759-e6cf6fb2aad6
1625056379250090,54b1612e-64ca-4ae4-9b2d-9cac1f55747d
1625056369744730,d9035a57-5583-4096-84d0-58176e40af8b
1625056358436736,73702915-2922-4517-b119-b48d1b2df2a1
1625056350069832,5ebe9b91-a2e2-4613-beb7-b0f2a80baa12
1625056337815984,aeff522a-5fa9-4235-9778-fd9c4464fe3e
1625056335344474,be144efa-e5ca-47df-b90b-378964b73089
1625056325286636,5b96cd2e-c10f-4b59-87c8-782429ed92e0
1625056320883221,cf315eb6-f29a-49ba-8189-114bc48fd574
1625056320483592,4786dfda-b600-46bb-ae4e-69404ff356ba
1625056311095744,95b5b56a-7530-485f-8069-8d99693dfa1d
1625056300319766,da40e9a1-e70c-42b6-a95c-b1b9a685177d
1625056286382374,6c61cd25-1974-42fa-897b-95ed5b6c1577
1625056244385378,74c24fe0-031e-4eda-87f5-a2c63442eb5e
1625056223442877,557dc6e9-4b00-4b34-b3b2-69b43b06d8fe
1625056211674200,116e9b29-be0b-4630-a62c-c3b6224914dd
1625056199557906,e3f5530c-393a-4b68-a6e3-fa416388db7d
1625056199382339,6aee0de7-68a7-403b-8dd1-bd8c258b4928
1625056476757492,bc3f56a5-f12e-4e8d-b71f-0973212cd60c
