caseId,3mbId
1625056476757492,b622d3b9-7e99-41ef-8833-c008052d025e
1625057111229947,f850f690-e8d9-41a6-9afa-05df0d5121b9
1625057093041666,5af34df4-78d8-42f9-a852-a5cae05bbc5d
1625057088968501,3c2b6719-83a8-4248-85c4-40bcd5b7de97
1625057081984679,89592afa-2667-4011-a4f1-95c2be581c3f
1625057026912546,f8d54c62-2eff-4392-a80a-9f0dd9bad972
1625057023470464,d9f85686-9c0d-48cc-908d-2e91ed83e3a1
1625057014954260,42664bdb-6430-4a6b-834c-2be26dc45044
1625056998211697,dcce8a83-cc31-450e-80d4-c8029b92280e
1625056982096039,6b582e2b-51bd-4266-b10a-3e51a24a2354
1625056975285318,116aa78a-c03c-48b9-ad05-5a61bd666ca7
1625056973337343,820f83e1-238f-44f7-ae9c-37644e103a50
1625056914961540,68a9938d-4da7-4078-bf15-336de3866ef2
1625056910511463,d8ba2ae4-4d11-4f05-9d83-44de36ed37a8
1625056909555943,2f82fd9b-8b50-45d3-a10a-207aaed15587
1625056888046252,199ce39c-cc8e-4017-a3c5-8ea9820796ec
1625056879556350,bedaba4f-1f13-4b68-aa71-f5a1378b060d
1625056872870287,b2521a51-9b46-47d1-8c6c-1650d397d777
1625056870346264,a48904f1-8ee8-44b2-8d3e-a6fdaf804214
1625056865538404,cc1cf973-cec9-492b-874b-511f3e9e1408
1625056807778993,9cd621c6-9d6b-41d0-ba99-0aa467ca08ac
1625056801272696,87cbf4dd-4c0e-4050-8ddb-ed564a93a2f4
1625056787264998,6afd6e39-ed84-4d2c-8d63-f12bf6da6574
1625056783967792,5bc576fb-ae5d-4cc3-9e8b-134d4f320592
1625056774001346,f2a14782-af1c-4a09-bd90-c8fcf0a807e0
1625056764961558,53a635f3-89d9-4e94-8eea-9fd6505fd634
1625056761072680,76111ee3-d2c6-4063-b16d-3805084f11b1
1625056760082094,dc4cf3a7-6806-453c-8b10-82491286eeb7
1625056755146243,2dbce698-28df-4fd5-aff2-a1507ea34a38
1625056747902166,ebede0e9-bc44-442c-8bb7-c2b1f065cdde
1625056747358609,58de38c7-7972-405c-a54d-2dcc353ecbee
1625056738798987,051a6175-2d89-4b34-9fa4-b4ab57f5d621
1625056735682051,c9bee0cf-9889-4e04-ab56-d855f1e0bb60
1625056721678907,7bc9d1da-46ad-4fa6-bb52-b79e635a0ec3
1625056717427863,e95a6347-2b8a-4555-972f-7fa8f1749563
1625056716529784,4960b8f3-ee22-43d2-9492-d5d04d143cc5
1625056708156729,6c8a4b38-62de-4341-8962-9ece671e5fd1
1625056707500893,9cbb8f3f-ecd3-41e2-b51b-03e52e82104a
1625056699902578,f8897a81-8b62-4352-aa52-ef716a2ad010
1625056694755708,ec809dd1-631a-48bb-9c17-f9c2c7a8fe2a
1625056685113230,94776476-9218-4dc3-9f0f-e7b9c6089ad0
1625056680384844,4f685795-b6ec-4628-b1b5-9a228c913774
1625056664300535,6fa525b2-5610-4729-a40a-60da0de0ffeb
1625056647357537,58b1f21f-6505-4686-b6d0-86b7231e715a
1625056640878836,77acc17d-d709-455f-a8f7-e667435db0a5
1625056624988890,e3787038-89d2-49c4-98ce-6b4c7d643a43
1625056619523470,36275420-d015-49bc-896c-6ee1215c27d5
1625056618723204,a347ce71-0fcb-4a6e-a73c-8233cfb60031
1625056611647566,b34e11dd-fd6a-40ea-b782-0093ecc35054
1625056608262643,f0460ae6-e0e1-4dcc-8885-7cf590f6b622
1625056606158397,7e8bf004-755d-480c-98c7-65c63f08a21e
1625056605056055,18f5b43c-7089-4d3e-a273-f1219f36149f
1625056587997722,b9e6b728-cc3d-4c3e-a747-44e8ebd55c54
1625056586388279,e5877c57-36c9-4013-8182-0dee23fd266e
1625056583229849,79b99329-2770-4f10-b960-b92a7d90efc4
1625056547323514,9f8d0898-0769-4565-9473-b183bf359b5f
1625056518801720,84448d51-35df-416d-93c8-dd67f2ef67ef
1625056500879700,a197e930-e24b-413d-b350-7923b73cae13
1625056499983711,5dd0dbeb-837f-4ab2-8dd1-9881b7221f38
1625056485739317,32a374e0-b3a4-4099-910b-b56ee41e0c39
1625056482747503,fa592e81-7ff3-4fd7-81af-448739dc7d05
1625056479057502,8c9420a5-ee2e-4fe0-a373-eb589f234f86
1625056470390159,661e2d7e-7f18-4bcd-91e5-d60339b32ad5
1625056467215641,3f40193f-8866-465d-bb72-9d7b2136d87f
1625056466936403,4235cb2f-2daf-4449-b35b-16590bc1a933
1625056463505094,33a5c4a5-759f-4f87-942d-fd232c5e7ca3
1625056462103453,603f2b3c-e634-475d-90fc-1eb5c88d873c
1625056454754677,4f1226a3-1588-4e78-befa-d8230911ed84
1625056453121977,34d8aa09-77e2-4ad1-9cac-172dfacc174d
1625056451845627,d5e046a5-647a-47a9-a3a8-4e38b207f8e3
1625056449038806,0b4e034f-89a5-491c-b1ce-24c4c3d803a6
1625056434870759,eb82f436-ce0a-4d50-a7f8-7f2146e65148
1625056434461757,a0095f86-cb56-4604-9d56-ccd37eda407b
1625056434076324,81cbf627-30e6-4c21-a4bb-90b191ca3362
1625056430688072,9e96ad1e-580a-45cb-a702-bb6d93122af5
1625056415167803,41a34074-b128-4484-a2d6-0e25201c26a7
1625056410817527,7705ac63-2446-4a69-9412-3e8fcd459d78
1625056410415173,bea6817c-12ed-43c3-ac07-7b6952351b0f
1625056406493127,5d0d2493-5fd2-4a41-ae31-c779c03e7f84
1625056392563487,d59a8941-1d24-4867-ad51-82945a543a12
1625056383128571,2dfc22f1-8b39-41af-aeb6-6f3e18ab6ea7
1625056382171481,010f4020-dcb9-4caa-b134-b441ac9c7d5c
1625056379250090,18938ed0-078d-4a25-b388-f310cb36e982
1625056369744730,849f23a4-755e-4e40-8d26-5c352d4add09
1625056358436736,c6121d1b-bbc9-4a43-9355-8157bdf703e6
1625056350069832,5871fa97-d6b4-4f2a-afda-2114704aea06
1625056337815984,9012c147-2811-4192-869a-a5be214c333b
1625056335344474,f01d6e42-028d-4b72-8731-ad60e1beff59
1625056325286636,d39bb284-b282-428f-9e81-f6b43f4fc0f2
1625056320883221,522c8295-25d7-4ecc-ad90-c65e8461a2be
1625056320483592,7e8dbb3f-52e5-4794-9a2f-188f2f3ece73
1625056311095744,f8ed7432-0efa-4704-99bb-93bbab881739
1625056300319766,5713342b-a084-49c2-bc24-42ba6a95ff78
1625056286382374,b0745418-03e0-4567-aa6f-13c427eaabca
1625056244385378,6e8424d3-9597-4133-8a69-71e4b0c34b71
1625056223442877,35f50009-e555-40b5-ab30-29f768bc1e81
1625056211674200,4013fae1-c634-4c96-99dc-e25187c2d206
1625056199557906,158920ab-1763-43c7-bab7-5696d6890914
1625056199382339,8d7d1682-78a7-49c8-ab6c-3c60b0c88cc3
1625056476757492,1158d8d5-9c76-4b54-a0cb-50d44225227c